consumer_id,cluster,cluster_label
KH00100010,1,Higher online-spend share — Segment 2
KH00100045,0,Lower-frequency activity — Segment 1
KH00100050,0,Lower-frequency activity — Segment 1
KH00100085,1,Higher online-spend share — Segment 2
KH00100090,1,Higher online-spend share — Segment 2
KH00100125,1,Higher online-spend share — Segment 2
KH00100130,1,Higher online-spend share — Segment 2
KH00100165,1,Higher online-spend share — Segment 2
KH00100170,0,Lower-frequency activity — Segment 1
KH00100205,1,Higher online-spend share — Segment 2
KH00100210,1,Higher online-spend share — Segment 2
KH00100245,0,Lower-frequency activity — Segment 1
KH00100250,0,Lower-frequency activity — Segment 1
KH00100285,0,Lower-frequency activity — Segment 1
KH00100290,0,Lower-frequency activity — Segment 1
KH00100325,1,Higher online-spend share — Segment 2
KH00100330,1,Higher online-spend share — Segment 2
KH00100365,1,Higher online-spend share — Segment 2
KH00100370,0,Lower-frequency activity — Segment 1
KH00100405,1,Higher online-spend share — Segment 2
KH00100410,0,Lower-frequency activity — Segment 1
KH00100445,0,Lower-frequency activity — Segment 1
KH00100450,1,Higher online-spend share — Segment 2
KH00100485,0,Lower-frequency activity — Segment 1
KH00100490,1,Higher online-spend share — Segment 2
KH00100525,0,Lower-frequency activity — Segment 1
KH00100530,0,Lower-frequency activity — Segment 1
KH00100565,0,Lower-frequency activity — Segment 1
KH00100570,1,Higher online-spend share — Segment 2
KH00100605,1,Higher online-spend share — Segment 2
KH00100610,1,Higher online-spend share — Segment 2
KH00100645,0,Lower-frequency activity — Segment 1
KH00100650,1,Higher online-spend share — Segment 2
KH00100685,1,Higher online-spend share — Segment 2
KH00100690,1,Higher online-spend share — Segment 2
KH00100725,1,Higher online-spend share — Segment 2
KH00100730,0,Lower-frequency activity — Segment 1
KH00100765,0,Lower-frequency activity — Segment 1
KH00100770,0,Lower-frequency activity — Segment 1
KH00100805,0,Lower-frequency activity — Segment 1
KH00100810,0,Lower-frequency activity — Segment 1
KH00100845,0,Lower-frequency activity — Segment 1
KH00100850,0,Lower-frequency activity — Segment 1
KH00100885,1,Higher online-spend share — Segment 2
KH00100890,0,Lower-frequency activity — Segment 1
KH00100925,1,Higher online-spend share — Segment 2
KH00100930,1,Higher online-spend share — Segment 2
KH00100965,1,Higher online-spend share — Segment 2
KH00100970,1,Higher online-spend share — Segment 2
KH00101005,1,Higher online-spend share — Segment 2
KH00101010,1,Higher online-spend share — Segment 2
KH00101045,1,Higher online-spend share — Segment 2
KH00101050,0,Lower-frequency activity — Segment 1
KH00101085,0,Lower-frequency activity — Segment 1
KH00101090,1,Higher online-spend share — Segment 2
KH00101125,1,Higher online-spend share — Segment 2
KH00101130,0,Lower-frequency activity — Segment 1
KH00101165,0,Lower-frequency activity — Segment 1
KH00101170,0,Lower-frequency activity — Segment 1
KH00101205,0,Lower-frequency activity — Segment 1
KH00101210,1,Higher online-spend share — Segment 2
KH00101245,0,Lower-frequency activity — Segment 1
KH00101250,0,Lower-frequency activity — Segment 1
KH00101285,0,Lower-frequency activity — Segment 1
KH00101290,0,Lower-frequency activity — Segment 1
KH00101325,1,Higher online-spend share — Segment 2
KH00101330,1,Higher online-spend share — Segment 2
KH00101365,1,Higher online-spend share — Segment 2
KH00101370,1,Higher online-spend share — Segment 2
KH00101405,0,Lower-frequency activity — Segment 1
KH00101410,0,Lower-frequency activity — Segment 1
KH00101445,0,Lower-frequency activity — Segment 1
KH00101450,0,Lower-frequency activity — Segment 1
KH00101485,1,Higher online-spend share — Segment 2
KH00101490,1,Higher online-spend share — Segment 2
KH00101525,0,Lower-frequency activity — Segment 1
KH00101530,0,Lower-frequency activity — Segment 1
KH00101565,0,Lower-frequency activity — Segment 1
KH00101570,0,Lower-frequency activity — Segment 1
KH00101605,1,Higher online-spend share — Segment 2
KH00101610,1,Higher online-spend share — Segment 2
KH00101645,1,Higher online-spend share — Segment 2
KH00101650,0,Lower-frequency activity — Segment 1
KH00101685,0,Lower-frequency activity — Segment 1
KH00101690,1,Higher online-spend share — Segment 2
KH00101725,1,Higher online-spend share — Segment 2
KH00101730,0,Lower-frequency activity — Segment 1
KH00101765,0,Lower-frequency activity — Segment 1
KH00101770,0,Lower-frequency activity — Segment 1
KH00101805,1,Higher online-spend share — Segment 2
KH00101810,0,Lower-frequency activity — Segment 1
KH00101845,1,Higher online-spend share — Segment 2
KH00101850,0,Lower-frequency activity — Segment 1
KH00101885,1,Higher online-spend share — Segment 2
KH00101890,0,Lower-frequency activity — Segment 1
KH00101925,1,Higher online-spend share — Segment 2
KH00101930,0,Lower-frequency activity — Segment 1
KH00101965,1,Higher online-spend share — Segment 2
KH00101970,0,Lower-frequency activity — Segment 1
KH00102005,1,Higher online-spend share — Segment 2
KH00102010,0,Lower-frequency activity — Segment 1
KH00102045,1,Higher online-spend share — Segment 2
KH00102050,0,Lower-frequency activity — Segment 1
KH00102085,1,Higher online-spend share — Segment 2
KH00102090,0,Lower-frequency activity — Segment 1
KH00102125,0,Lower-frequency activity — Segment 1
KH00102130,0,Lower-frequency activity — Segment 1
KH00102165,0,Lower-frequency activity — Segment 1
KH00102170,0,Lower-frequency activity — Segment 1
KH00102205,0,Lower-frequency activity — Segment 1
KH00102210,0,Lower-frequency activity — Segment 1
KH00102245,0,Lower-frequency activity — Segment 1
KH00102250,0,Lower-frequency activity — Segment 1
KH00102285,1,Higher online-spend share — Segment 2
KH00102290,1,Higher online-spend share — Segment 2
KH00102325,1,Higher online-spend share — Segment 2
KH00102330,0,Lower-frequency activity — Segment 1
KH00102365,1,Higher online-spend share — Segment 2
KH00102370,0,Lower-frequency activity — Segment 1
KH00102405,1,Higher online-spend share — Segment 2
KH00102410,1,Higher online-spend share — Segment 2
KH00102445,1,Higher online-spend share — Segment 2
KH00102450,0,Lower-frequency activity — Segment 1
KH00102485,1,Higher online-spend share — Segment 2
KH00102490,1,Higher online-spend share — Segment 2
KH00102525,0,Lower-frequency activity — Segment 1
KH00102530,1,Higher online-spend share — Segment 2
KH00102565,1,Higher online-spend share — Segment 2
KH00102570,1,Higher online-spend share — Segment 2
KH00102605,0,Lower-frequency activity — Segment 1
KH00102610,1,Higher online-spend share — Segment 2
KH00102645,1,Higher online-spend share — Segment 2
KH00102650,1,Higher online-spend share — Segment 2
KH00102685,1,Higher online-spend share — Segment 2
KH00102690,1,Higher online-spend share — Segment 2
KH00102725,0,Lower-frequency activity — Segment 1
KH00102730,1,Higher online-spend share — Segment 2
KH00102765,1,Higher online-spend share — Segment 2
KH00102770,0,Lower-frequency activity — Segment 1
KH00102805,1,Higher online-spend share — Segment 2
KH00102810,1,Higher online-spend share — Segment 2
KH00102845,1,Higher online-spend share — Segment 2
KH00102850,1,Higher online-spend share — Segment 2
KH00102885,1,Higher online-spend share — Segment 2
KH00102890,0,Lower-frequency activity — Segment 1
KH00102925,1,Higher online-spend share — Segment 2
KH00102930,0,Lower-frequency activity — Segment 1
KH00102965,1,Higher online-spend share — Segment 2
KH00102970,0,Lower-frequency activity — Segment 1
KH00103005,0,Lower-frequency activity — Segment 1
KH00103010,1,Higher online-spend share — Segment 2
KH00103045,1,Higher online-spend share — Segment 2
KH00103050,1,Higher online-spend share — Segment 2
KH00103085,1,Higher online-spend share — Segment 2
KH00103090,0,Lower-frequency activity — Segment 1
KH00103125,1,Higher online-spend share — Segment 2
KH00103130,0,Lower-frequency activity — Segment 1
KH00103165,0,Lower-frequency activity — Segment 1
KH00103170,0,Lower-frequency activity — Segment 1
KH00103205,0,Lower-frequency activity — Segment 1
KH00103210,0,Lower-frequency activity — Segment 1
KH00103245,1,Higher online-spend share — Segment 2
KH00103250,1,Higher online-spend share — Segment 2
KH00103285,0,Lower-frequency activity — Segment 1
KH00103290,0,Lower-frequency activity — Segment 1
KH00103325,0,Lower-frequency activity — Segment 1
KH00103330,0,Lower-frequency activity — Segment 1
KH00103365,0,Lower-frequency activity — Segment 1
KH00103370,0,Lower-frequency activity — Segment 1
KH00103405,1,Higher online-spend share — Segment 2
KH00103410,0,Lower-frequency activity — Segment 1
KH00103445,0,Lower-frequency activity — Segment 1
KH00103450,0,Lower-frequency activity — Segment 1
KH00103485,1,Higher online-spend share — Segment 2
KH00103490,1,Higher online-spend share — Segment 2
KH00103525,0,Lower-frequency activity — Segment 1
KH00103530,1,Higher online-spend share — Segment 2
KH00103565,1,Higher online-spend share — Segment 2
KH00103570,0,Lower-frequency activity — Segment 1
KH00103605,1,Higher online-spend share — Segment 2
KH00103610,0,Lower-frequency activity — Segment 1
KH00103645,0,Lower-frequency activity — Segment 1
KH00103650,0,Lower-frequency activity — Segment 1
KH00103685,1,Higher online-spend share — Segment 2
KH00103690,1,Higher online-spend share — Segment 2
KH00103725,0,Lower-frequency activity — Segment 1
KH00103730,0,Lower-frequency activity — Segment 1
KH00103765,0,Lower-frequency activity — Segment 1
KH00103770,0,Lower-frequency activity — Segment 1
KH00103805,0,Lower-frequency activity — Segment 1
KH00103810,1,Higher online-spend share — Segment 2
KH00103845,0,Lower-frequency activity — Segment 1
KH00103850,1,Higher online-spend share — Segment 2
KH00103885,0,Lower-frequency activity — Segment 1
KH00103890,0,Lower-frequency activity — Segment 1
KH00103925,0,Lower-frequency activity — Segment 1
KH00103930,0,Lower-frequency activity — Segment 1
KH00103965,1,Higher online-spend share — Segment 2
KH00103970,1,Higher online-spend share — Segment 2
KH00104005,0,Lower-frequency activity — Segment 1
KH00104010,0,Lower-frequency activity — Segment 1
KH00104045,0,Lower-frequency activity — Segment 1
KH00104050,1,Higher online-spend share — Segment 2
KH00104085,1,Higher online-spend share — Segment 2
KH00104090,1,Higher online-spend share — Segment 2
KH00104125,1,Higher online-spend share — Segment 2
KH00104130,0,Lower-frequency activity — Segment 1
KH00104165,0,Lower-frequency activity — Segment 1
KH00104170,0,Lower-frequency activity — Segment 1
KH00104205,0,Lower-frequency activity — Segment 1
KH00104210,0,Lower-frequency activity — Segment 1
KH00104245,1,Higher online-spend share — Segment 2
KH00104250,0,Lower-frequency activity — Segment 1
KH00104285,0,Lower-frequency activity — Segment 1
KH00104290,1,Higher online-spend share — Segment 2
KH00104325,0,Lower-frequency activity — Segment 1
KH00104330,1,Higher online-spend share — Segment 2
KH00104365,0,Lower-frequency activity — Segment 1
KH00104370,0,Lower-frequency activity — Segment 1
KH00104405,1,Higher online-spend share — Segment 2
KH00104410,0,Lower-frequency activity — Segment 1
KH00104445,0,Lower-frequency activity — Segment 1
KH00104450,1,Higher online-spend share — Segment 2
KH00104485,1,Higher online-spend share — Segment 2
KH00104490,1,Higher online-spend share — Segment 2
KH00104525,1,Higher online-spend share — Segment 2
KH00104530,0,Lower-frequency activity — Segment 1
KH00104565,0,Lower-frequency activity — Segment 1
KH00104570,0,Lower-frequency activity — Segment 1
KH00104605,1,Higher online-spend share — Segment 2
KH00104610,1,Higher online-spend share — Segment 2
KH00104645,1,Higher online-spend share — Segment 2
KH00104650,1,Higher online-spend share — Segment 2
KH00104685,1,Higher online-spend share — Segment 2
KH00104690,0,Lower-frequency activity — Segment 1
KH00104725,1,Higher online-spend share — Segment 2
KH00104730,1,Higher online-spend share — Segment 2
KH00104765,1,Higher online-spend share — Segment 2
KH00104770,0,Lower-frequency activity — Segment 1
KH00104805,1,Higher online-spend share — Segment 2
KH00104810,1,Higher online-spend share — Segment 2
KH00104845,0,Lower-frequency activity — Segment 1
KH00104850,1,Higher online-spend share — Segment 2
KH00104885,0,Lower-frequency activity — Segment 1
KH00104890,0,Lower-frequency activity — Segment 1
KH00104925,1,Higher online-spend share — Segment 2
KH00104930,0,Lower-frequency activity — Segment 1
KH00104965,0,Lower-frequency activity — Segment 1
KH00104970,0,Lower-frequency activity — Segment 1
KH00105005,0,Lower-frequency activity — Segment 1
KH00105010,0,Lower-frequency activity — Segment 1
KH00105045,0,Lower-frequency activity — Segment 1
KH00105050,0,Lower-frequency activity — Segment 1
KH00105085,0,Lower-frequency activity — Segment 1
KH00105090,1,Higher online-spend share — Segment 2
KH00105125,1,Higher online-spend share — Segment 2
KH00105130,1,Higher online-spend share — Segment 2
KH00105165,1,Higher online-spend share — Segment 2
KH00105170,0,Lower-frequency activity — Segment 1
KH00105205,1,Higher online-spend share — Segment 2
KH00105210,1,Higher online-spend share — Segment 2
KH00105245,1,Higher online-spend share — Segment 2
KH00105250,1,Higher online-spend share — Segment 2
KH00105285,0,Lower-frequency activity — Segment 1
KH00105290,1,Higher online-spend share — Segment 2
KH00105325,1,Higher online-spend share — Segment 2
KH00105330,1,Higher online-spend share — Segment 2
KH00105365,1,Higher online-spend share — Segment 2
KH00105370,1,Higher online-spend share — Segment 2
KH00105405,0,Lower-frequency activity — Segment 1
KH00105410,0,Lower-frequency activity — Segment 1
KH00105445,0,Lower-frequency activity — Segment 1
KH00105450,1,Higher online-spend share — Segment 2
KH00105485,0,Lower-frequency activity — Segment 1
KH00105490,1,Higher online-spend share — Segment 2
KH00105525,0,Lower-frequency activity — Segment 1
KH00105530,0,Lower-frequency activity — Segment 1
KH00105565,1,Higher online-spend share — Segment 2
KH00105570,0,Lower-frequency activity — Segment 1
KH00105605,1,Higher online-spend share — Segment 2
KH00105610,0,Lower-frequency activity — Segment 1
KH00105645,0,Lower-frequency activity — Segment 1
KH00105650,0,Lower-frequency activity — Segment 1
KH00105685,1,Higher online-spend share — Segment 2
KH00105690,0,Lower-frequency activity — Segment 1
KH00105725,0,Lower-frequency activity — Segment 1
KH00105730,1,Higher online-spend share — Segment 2
KH00105765,0,Lower-frequency activity — Segment 1
KH00105770,1,Higher online-spend share — Segment 2
KH00105805,1,Higher online-spend share — Segment 2
KH00105810,0,Lower-frequency activity — Segment 1
KH00105845,0,Lower-frequency activity — Segment 1
KH00105850,1,Higher online-spend share — Segment 2
KH00105885,0,Lower-frequency activity — Segment 1
KH00105890,0,Lower-frequency activity — Segment 1
KH00105925,1,Higher online-spend share — Segment 2
KH00105930,1,Higher online-spend share — Segment 2
KH00105965,1,Higher online-spend share — Segment 2
KH00105970,0,Lower-frequency activity — Segment 1
KH00106005,1,Higher online-spend share — Segment 2
KH00106010,0,Lower-frequency activity — Segment 1
KH00106045,0,Lower-frequency activity — Segment 1
KH00106050,0,Lower-frequency activity — Segment 1
KH00106085,1,Higher online-spend share — Segment 2
KH00106090,1,Higher online-spend share — Segment 2
KH00106125,1,Higher online-spend share — Segment 2
KH00106130,1,Higher online-spend share — Segment 2
KH00106165,0,Lower-frequency activity — Segment 1
KH00106170,1,Higher online-spend share — Segment 2
KH00106205,1,Higher online-spend share — Segment 2
KH00106210,1,Higher online-spend share — Segment 2
KH00106245,0,Lower-frequency activity — Segment 1
KH00106250,0,Lower-frequency activity — Segment 1
KH00106285,1,Higher online-spend share — Segment 2
KH00106290,0,Lower-frequency activity — Segment 1
KH00106325,0,Lower-frequency activity — Segment 1
KH00106330,1,Higher online-spend share — Segment 2
KH00106365,0,Lower-frequency activity — Segment 1
KH00106370,1,Higher online-spend share — Segment 2
KH00106405,0,Lower-frequency activity — Segment 1
KH00106410,1,Higher online-spend share — Segment 2
KH00106445,0,Lower-frequency activity — Segment 1
KH00106450,0,Lower-frequency activity — Segment 1
KH00106485,0,Lower-frequency activity — Segment 1
KH00106490,0,Lower-frequency activity — Segment 1
KH00106525,0,Lower-frequency activity — Segment 1
KH00106530,0,Lower-frequency activity — Segment 1
KH00106565,0,Lower-frequency activity — Segment 1
KH00106570,1,Higher online-spend share — Segment 2
KH00106605,0,Lower-frequency activity — Segment 1
KH00106610,0,Lower-frequency activity — Segment 1
KH00106645,1,Higher online-spend share — Segment 2
KH00106650,1,Higher online-spend share — Segment 2
KH00106685,1,Higher online-spend share — Segment 2
KH00106690,0,Lower-frequency activity — Segment 1
KH00106725,1,Higher online-spend share — Segment 2
KH00106730,0,Lower-frequency activity — Segment 1
KH00106765,0,Lower-frequency activity — Segment 1
KH00106770,1,Higher online-spend share — Segment 2
KH00106805,0,Lower-frequency activity — Segment 1
KH00106810,0,Lower-frequency activity — Segment 1
KH00106845,1,Higher online-spend share — Segment 2
KH00106850,1,Higher online-spend share — Segment 2
KH00106885,0,Lower-frequency activity — Segment 1
KH00106890,1,Higher online-spend share — Segment 2
KH00106925,0,Lower-frequency activity — Segment 1
KH00106930,0,Lower-frequency activity — Segment 1
KH00106965,0,Lower-frequency activity — Segment 1
KH00106970,0,Lower-frequency activity — Segment 1
KH00107005,0,Lower-frequency activity — Segment 1
KH00107010,0,Lower-frequency activity — Segment 1
KH00107045,0,Lower-frequency activity — Segment 1
KH00107050,1,Higher online-spend share — Segment 2
KH00107085,1,Higher online-spend share — Segment 2
KH00107090,0,Lower-frequency activity — Segment 1
KH00107125,1,Higher online-spend share — Segment 2
KH00107130,0,Lower-frequency activity — Segment 1
KH00107165,1,Higher online-spend share — Segment 2
KH00107170,0,Lower-frequency activity — Segment 1
KH00107205,0,Lower-frequency activity — Segment 1
KH00107210,1,Higher online-spend share — Segment 2
KH00107245,0,Lower-frequency activity — Segment 1
KH00107250,1,Higher online-spend share — Segment 2
KH00107285,0,Lower-frequency activity — Segment 1
KH00107290,1,Higher online-spend share — Segment 2
KH00107325,0,Lower-frequency activity — Segment 1
KH00107330,1,Higher online-spend share — Segment 2
KH00107365,0,Lower-frequency activity — Segment 1
KH00107370,1,Higher online-spend share — Segment 2
KH00107405,1,Higher online-spend share — Segment 2
KH00107410,1,Higher online-spend share — Segment 2
KH00107445,0,Lower-frequency activity — Segment 1
KH00107450,1,Higher online-spend share — Segment 2
KH00107485,0,Lower-frequency activity — Segment 1
KH00107490,0,Lower-frequency activity — Segment 1
KH00107525,0,Lower-frequency activity — Segment 1
KH00107530,0,Lower-frequency activity — Segment 1
KH00107565,0,Lower-frequency activity — Segment 1
KH00107570,0,Lower-frequency activity — Segment 1
KH00107605,0,Lower-frequency activity — Segment 1
KH00107610,0,Lower-frequency activity — Segment 1
KH00107645,0,Lower-frequency activity — Segment 1
KH00107650,1,Higher online-spend share — Segment 2
KH00107685,1,Higher online-spend share — Segment 2
KH00107690,0,Lower-frequency activity — Segment 1
KH00107725,1,Higher online-spend share — Segment 2
KH00107730,1,Higher online-spend share — Segment 2
KH00107765,1,Higher online-spend share — Segment 2
KH00107770,1,Higher online-spend share — Segment 2
KH00107805,1,Higher online-spend share — Segment 2
KH00107810,1,Higher online-spend share — Segment 2
KH00107845,1,Higher online-spend share — Segment 2
KH00107850,1,Higher online-spend share — Segment 2
KH00107885,1,Higher online-spend share — Segment 2
KH00107890,1,Higher online-spend share — Segment 2
KH00107925,1,Higher online-spend share — Segment 2
KH00107930,1,Higher online-spend share — Segment 2
KH00107965,0,Lower-frequency activity — Segment 1
KH00107970,1,Higher online-spend share — Segment 2
KH00108005,0,Lower-frequency activity — Segment 1
KH00108010,0,Lower-frequency activity — Segment 1
KH00108045,0,Lower-frequency activity — Segment 1
KH00108050,1,Higher online-spend share — Segment 2
KH00108085,1,Higher online-spend share — Segment 2
KH00108090,0,Lower-frequency activity — Segment 1
KH00108125,0,Lower-frequency activity — Segment 1
KH00108130,0,Lower-frequency activity — Segment 1
KH00108165,1,Higher online-spend share — Segment 2
KH00108170,1,Higher online-spend share — Segment 2
KH00108205,1,Higher online-spend share — Segment 2
KH00108210,1,Higher online-spend share — Segment 2
KH00108245,0,Lower-frequency activity — Segment 1
KH00108250,0,Lower-frequency activity — Segment 1
KH00108285,0,Lower-frequency activity — Segment 1
KH00108290,0,Lower-frequency activity — Segment 1
KH00108325,1,Higher online-spend share — Segment 2
KH00108330,0,Lower-frequency activity — Segment 1
KH00108365,1,Higher online-spend share — Segment 2
KH00108370,0,Lower-frequency activity — Segment 1
KH00108405,0,Lower-frequency activity — Segment 1
KH00108410,1,Higher online-spend share — Segment 2
KH00108445,0,Lower-frequency activity — Segment 1
KH00108450,1,Higher online-spend share — Segment 2
KH00108485,0,Lower-frequency activity — Segment 1
KH00108490,1,Higher online-spend share — Segment 2
KH00108525,0,Lower-frequency activity — Segment 1
KH00108530,1,Higher online-spend share — Segment 2
KH00108565,1,Higher online-spend share — Segment 2
KH00108570,0,Lower-frequency activity — Segment 1
KH00108605,0,Lower-frequency activity — Segment 1
KH00108610,0,Lower-frequency activity — Segment 1
KH00108645,0,Lower-frequency activity — Segment 1
KH00108650,0,Lower-frequency activity — Segment 1
KH00108685,0,Lower-frequency activity — Segment 1
KH00108690,0,Lower-frequency activity — Segment 1
KH00108725,0,Lower-frequency activity — Segment 1
KH00108730,1,Higher online-spend share — Segment 2
KH00108765,1,Higher online-spend share — Segment 2
KH00108770,1,Higher online-spend share — Segment 2
KH00108805,1,Higher online-spend share — Segment 2
KH00108810,0,Lower-frequency activity — Segment 1
KH00108845,1,Higher online-spend share — Segment 2
KH00108850,0,Lower-frequency activity — Segment 1
KH00108885,0,Lower-frequency activity — Segment 1
KH00108890,0,Lower-frequency activity — Segment 1
KH00108925,0,Lower-frequency activity — Segment 1
KH00108930,0,Lower-frequency activity — Segment 1
KH00108965,1,Higher online-spend share — Segment 2
KH00108970,1,Higher online-spend share — Segment 2
KH00109005,0,Lower-frequency activity — Segment 1
KH00109010,0,Lower-frequency activity — Segment 1
KH00109045,1,Higher online-spend share — Segment 2
KH00109050,1,Higher online-spend share — Segment 2
KH00109085,0,Lower-frequency activity — Segment 1
KH00109090,0,Lower-frequency activity — Segment 1
KH00109125,0,Lower-frequency activity — Segment 1
KH00109130,0,Lower-frequency activity — Segment 1
KH00109165,0,Lower-frequency activity — Segment 1
KH00109170,1,Higher online-spend share — Segment 2
KH00109205,0,Lower-frequency activity — Segment 1
KH00109210,0,Lower-frequency activity — Segment 1
KH00109245,1,Higher online-spend share — Segment 2
KH00109250,0,Lower-frequency activity — Segment 1
KH00109285,1,Higher online-spend share — Segment 2
KH00109290,0,Lower-frequency activity — Segment 1
KH00109325,0,Lower-frequency activity — Segment 1
KH00109330,0,Lower-frequency activity — Segment 1
KH00109365,0,Lower-frequency activity — Segment 1
KH00109370,1,Higher online-spend share — Segment 2
KH00109405,0,Lower-frequency activity — Segment 1
KH00109410,0,Lower-frequency activity — Segment 1
KH00109445,0,Lower-frequency activity — Segment 1
KH00109450,1,Higher online-spend share — Segment 2
KH00109485,1,Higher online-spend share — Segment 2
KH00109490,0,Lower-frequency activity — Segment 1
KH00109525,0,Lower-frequency activity — Segment 1
KH00109530,0,Lower-frequency activity — Segment 1
KH00109565,0,Lower-frequency activity — Segment 1
KH00109570,0,Lower-frequency activity — Segment 1
KH00109605,0,Lower-frequency activity — Segment 1
KH00109610,1,Higher online-spend share — Segment 2
KH00109645,1,Higher online-spend share — Segment 2
KH00109650,1,Higher online-spend share — Segment 2
KH00109685,0,Lower-frequency activity — Segment 1
KH00109690,1,Higher online-spend share — Segment 2
KH00109725,1,Higher online-spend share — Segment 2
KH00109730,1,Higher online-spend share — Segment 2
KH00109765,0,Lower-frequency activity — Segment 1
KH00109770,0,Lower-frequency activity — Segment 1
KH00109805,1,Higher online-spend share — Segment 2
KH00109810,1,Higher online-spend share — Segment 2
KH00109845,0,Lower-frequency activity — Segment 1
KH00109850,0,Lower-frequency activity — Segment 1
KH00109885,0,Lower-frequency activity — Segment 1
KH00109890,0,Lower-frequency activity — Segment 1
KH00109925,1,Higher online-spend share — Segment 2
KH00109930,1,Higher online-spend share — Segment 2
KH00109965,1,Higher online-spend share — Segment 2
KH00109970,0,Lower-frequency activity — Segment 1
KH00110005,1,Higher online-spend share — Segment 2
KH00110010,1,Higher online-spend share — Segment 2
KH00110045,1,Higher online-spend share — Segment 2
KH00110050,0,Lower-frequency activity — Segment 1
KH00110085,0,Lower-frequency activity — Segment 1
KH00110090,0,Lower-frequency activity — Segment 1
KH00110125,0,Lower-frequency activity — Segment 1
KH00110130,0,Lower-frequency activity — Segment 1
KH00110165,1,Higher online-spend share — Segment 2
KH00110170,1,Higher online-spend share — Segment 2
KH00110205,1,Higher online-spend share — Segment 2
KH00110210,0,Lower-frequency activity — Segment 1
KH00110245,1,Higher online-spend share — Segment 2
KH00110250,0,Lower-frequency activity — Segment 1
KH00110285,1,Higher online-spend share — Segment 2
KH00110290,1,Higher online-spend share — Segment 2
KH00110325,0,Lower-frequency activity — Segment 1
KH00110330,1,Higher online-spend share — Segment 2
KH00110365,0,Lower-frequency activity — Segment 1
KH00110370,1,Higher online-spend share — Segment 2
KH00110405,0,Lower-frequency activity — Segment 1
KH00110410,0,Lower-frequency activity — Segment 1
KH00110445,0,Lower-frequency activity — Segment 1
KH00110450,1,Higher online-spend share — Segment 2
KH00110485,1,Higher online-spend share — Segment 2
KH00110490,0,Lower-frequency activity — Segment 1
KH00110525,0,Lower-frequency activity — Segment 1
KH00110530,0,Lower-frequency activity — Segment 1
KH00110565,1,Higher online-spend share — Segment 2
KH00110570,1,Higher online-spend share — Segment 2
KH00110605,1,Higher online-spend share — Segment 2
KH00110610,1,Higher online-spend share — Segment 2
KH00110645,0,Lower-frequency activity — Segment 1
KH00110650,1,Higher online-spend share — Segment 2
KH00110685,0,Lower-frequency activity — Segment 1
KH00110690,0,Lower-frequency activity — Segment 1
KH00110725,0,Lower-frequency activity — Segment 1
KH00110730,1,Higher online-spend share — Segment 2
KH00110765,1,Higher online-spend share — Segment 2
KH00110770,1,Higher online-spend share — Segment 2
KH00110805,0,Lower-frequency activity — Segment 1
KH00110810,1,Higher online-spend share — Segment 2
KH00110845,0,Lower-frequency activity — Segment 1
KH00110850,1,Higher online-spend share — Segment 2
KH00110885,1,Higher online-spend share — Segment 2
KH00110890,0,Lower-frequency activity — Segment 1
KH00110925,1,Higher online-spend share — Segment 2
KH00110930,1,Higher online-spend share — Segment 2
KH00110965,0,Lower-frequency activity — Segment 1
KH00110970,1,Higher online-spend share — Segment 2
KH00111005,1,Higher online-spend share — Segment 2
KH00111010,0,Lower-frequency activity — Segment 1
KH00111045,0,Lower-frequency activity — Segment 1
KH00111050,0,Lower-frequency activity — Segment 1
KH00111085,1,Higher online-spend share — Segment 2
KH00111090,0,Lower-frequency activity — Segment 1
KH00111125,0,Lower-frequency activity — Segment 1
KH00111130,0,Lower-frequency activity — Segment 1
KH00111165,0,Lower-frequency activity — Segment 1
KH00111170,0,Lower-frequency activity — Segment 1
KH00111205,1,Higher online-spend share — Segment 2
KH00111210,1,Higher online-spend share — Segment 2
KH00111245,0,Lower-frequency activity — Segment 1
KH00111250,0,Lower-frequency activity — Segment 1
KH00111285,0,Lower-frequency activity — Segment 1
KH00111290,0,Lower-frequency activity — Segment 1
KH00111325,0,Lower-frequency activity — Segment 1
KH00111330,1,Higher online-spend share — Segment 2
KH00111365,1,Higher online-spend share — Segment 2
KH00111370,1,Higher online-spend share — Segment 2
KH00111405,0,Lower-frequency activity — Segment 1
KH00111410,0,Lower-frequency activity — Segment 1
KH00111445,0,Lower-frequency activity — Segment 1
KH00111450,1,Higher online-spend share — Segment 2
KH00111485,0,Lower-frequency activity — Segment 1
KH00111490,0,Lower-frequency activity — Segment 1
KH00111525,1,Higher online-spend share — Segment 2
KH00111530,0,Lower-frequency activity — Segment 1
KH00111565,0,Lower-frequency activity — Segment 1
KH00111570,0,Lower-frequency activity — Segment 1
KH00111605,0,Lower-frequency activity — Segment 1
KH00111610,0,Lower-frequency activity — Segment 1
KH00111645,1,Higher online-spend share — Segment 2
KH00111650,0,Lower-frequency activity — Segment 1
KH00111685,0,Lower-frequency activity — Segment 1
KH00111690,1,Higher online-spend share — Segment 2
KH00111725,1,Higher online-spend share — Segment 2
KH00111730,0,Lower-frequency activity — Segment 1
KH00111765,1,Higher online-spend share — Segment 2
KH00111770,0,Lower-frequency activity — Segment 1
KH00111805,0,Lower-frequency activity — Segment 1
KH00111810,1,Higher online-spend share — Segment 2
KH00111845,1,Higher online-spend share — Segment 2
KH00111850,1,Higher online-spend share — Segment 2
KH00111885,1,Higher online-spend share — Segment 2
KH00111890,0,Lower-frequency activity — Segment 1
KH00111925,1,Higher online-spend share — Segment 2
KH00111930,1,Higher online-spend share — Segment 2
KH00111965,0,Lower-frequency activity — Segment 1
KH00111970,0,Lower-frequency activity — Segment 1
KH00112005,0,Lower-frequency activity — Segment 1
KH00112010,0,Lower-frequency activity — Segment 1
KH00112045,1,Higher online-spend share — Segment 2
KH00112050,1,Higher online-spend share — Segment 2
KH00112085,0,Lower-frequency activity — Segment 1
KH00112090,1,Higher online-spend share — Segment 2
KH00112125,1,Higher online-spend share — Segment 2
KH00112130,0,Lower-frequency activity — Segment 1
KH00112165,0,Lower-frequency activity — Segment 1
KH00112170,0,Lower-frequency activity — Segment 1
KH00112205,1,Higher online-spend share — Segment 2
KH00112210,0,Lower-frequency activity — Segment 1
KH00112245,0,Lower-frequency activity — Segment 1
KH00112250,0,Lower-frequency activity — Segment 1
KH00112285,1,Higher online-spend share — Segment 2
KH00112290,0,Lower-frequency activity — Segment 1
KH00112325,0,Lower-frequency activity — Segment 1
KH00112330,0,Lower-frequency activity — Segment 1
KH00112365,0,Lower-frequency activity — Segment 1
KH00112370,1,Higher online-spend share — Segment 2
KH00112405,0,Lower-frequency activity — Segment 1
KH00112410,0,Lower-frequency activity — Segment 1
KH00112445,0,Lower-frequency activity — Segment 1
KH00112450,0,Lower-frequency activity — Segment 1
KH00112485,1,Higher online-spend share — Segment 2
KH00112490,0,Lower-frequency activity — Segment 1
KH00112525,0,Lower-frequency activity — Segment 1
KH00112530,0,Lower-frequency activity — Segment 1
KH00112565,0,Lower-frequency activity — Segment 1
KH00112570,0,Lower-frequency activity — Segment 1
KH00112605,1,Higher online-spend share — Segment 2
KH00112610,0,Lower-frequency activity — Segment 1
KH00112645,0,Lower-frequency activity — Segment 1
KH00112650,1,Higher online-spend share — Segment 2
KH00112685,1,Higher online-spend share — Segment 2
KH00112690,0,Lower-frequency activity — Segment 1
KH00112725,1,Higher online-spend share — Segment 2
KH00112730,1,Higher online-spend share — Segment 2
KH00112765,1,Higher online-spend share — Segment 2
KH00112770,0,Lower-frequency activity — Segment 1
KH00112805,0,Lower-frequency activity — Segment 1
KH00112810,0,Lower-frequency activity — Segment 1
KH00112845,0,Lower-frequency activity — Segment 1
KH00112850,0,Lower-frequency activity — Segment 1
KH00112885,0,Lower-frequency activity — Segment 1
KH00112890,0,Lower-frequency activity — Segment 1
KH00112925,0,Lower-frequency activity — Segment 1
KH00112930,0,Lower-frequency activity — Segment 1
KH00112965,1,Higher online-spend share — Segment 2
KH00112970,0,Lower-frequency activity — Segment 1
KH00113005,0,Lower-frequency activity — Segment 1
KH00113010,1,Higher online-spend share — Segment 2
KH00113045,1,Higher online-spend share — Segment 2
KH00113050,1,Higher online-spend share — Segment 2
KH00113085,1,Higher online-spend share — Segment 2
KH00113090,0,Lower-frequency activity — Segment 1
KH00113125,1,Higher online-spend share — Segment 2
KH00113130,0,Lower-frequency activity — Segment 1
KH00113165,1,Higher online-spend share — Segment 2
KH00113170,1,Higher online-spend share — Segment 2
KH00113205,0,Lower-frequency activity — Segment 1
KH00113210,0,Lower-frequency activity — Segment 1
KH00113245,0,Lower-frequency activity — Segment 1
KH00113250,1,Higher online-spend share — Segment 2
KH00113285,1,Higher online-spend share — Segment 2
KH00113290,1,Higher online-spend share — Segment 2
KH00113325,1,Higher online-spend share — Segment 2
KH00113330,0,Lower-frequency activity — Segment 1
KH00113365,1,Higher online-spend share — Segment 2
KH00113370,0,Lower-frequency activity — Segment 1
KH00113405,1,Higher online-spend share — Segment 2
KH00113410,1,Higher online-spend share — Segment 2
KH00113445,0,Lower-frequency activity — Segment 1
KH00113450,1,Higher online-spend share — Segment 2
KH00113485,0,Lower-frequency activity — Segment 1
KH00113490,1,Higher online-spend share — Segment 2
KH00113525,1,Higher online-spend share — Segment 2
KH00113530,1,Higher online-spend share — Segment 2
KH00113565,1,Higher online-spend share — Segment 2
KH00113570,0,Lower-frequency activity — Segment 1
KH00113605,0,Lower-frequency activity — Segment 1
KH00113610,1,Higher online-spend share — Segment 2
KH00113645,0,Lower-frequency activity — Segment 1
KH00113650,1,Higher online-spend share — Segment 2
KH00113685,1,Higher online-spend share — Segment 2
KH00113690,1,Higher online-spend share — Segment 2
KH00113725,1,Higher online-spend share — Segment 2
KH00113730,0,Lower-frequency activity — Segment 1
KH00113765,0,Lower-frequency activity — Segment 1
KH00113770,1,Higher online-spend share — Segment 2
KH00113805,0,Lower-frequency activity — Segment 1
KH00113810,0,Lower-frequency activity — Segment 1
KH00113845,1,Higher online-spend share — Segment 2
KH00113850,1,Higher online-spend share — Segment 2
KH00113885,1,Higher online-spend share — Segment 2
KH00113890,1,Higher online-spend share — Segment 2
KH00113925,1,Higher online-spend share — Segment 2
KH00113930,0,Lower-frequency activity — Segment 1
KH00113965,0,Lower-frequency activity — Segment 1
KH00113970,0,Lower-frequency activity — Segment 1
KH00114005,1,Higher online-spend share — Segment 2
KH00114010,1,Higher online-spend share — Segment 2
KH00114045,0,Lower-frequency activity — Segment 1
KH00114050,1,Higher online-spend share — Segment 2
KH00114085,1,Higher online-spend share — Segment 2
KH00114090,0,Lower-frequency activity — Segment 1
KH00114125,0,Lower-frequency activity — Segment 1
KH00114130,1,Higher online-spend share — Segment 2
KH00114165,0,Lower-frequency activity — Segment 1
KH00114170,0,Lower-frequency activity — Segment 1
KH00114205,1,Higher online-spend share — Segment 2
KH00114210,1,Higher online-spend share — Segment 2
KH00114245,0,Lower-frequency activity — Segment 1
KH00114250,0,Lower-frequency activity — Segment 1
KH00114285,1,Higher online-spend share — Segment 2
KH00114290,0,Lower-frequency activity — Segment 1
KH00114325,0,Lower-frequency activity — Segment 1
KH00114330,1,Higher online-spend share — Segment 2
KH00114365,1,Higher online-spend share — Segment 2
KH00114370,0,Lower-frequency activity — Segment 1
KH00114405,1,Higher online-spend share — Segment 2
KH00114410,1,Higher online-spend share — Segment 2
KH00114445,0,Lower-frequency activity — Segment 1
KH00114450,0,Lower-frequency activity — Segment 1
KH00114485,0,Lower-frequency activity — Segment 1
KH00114490,0,Lower-frequency activity — Segment 1
KH00114525,0,Lower-frequency activity — Segment 1
KH00114530,1,Higher online-spend share — Segment 2
KH00114565,0,Lower-frequency activity — Segment 1
KH00114570,1,Higher online-spend share — Segment 2
KH00114605,1,Higher online-spend share — Segment 2
KH00114610,0,Lower-frequency activity — Segment 1
KH00114645,0,Lower-frequency activity — Segment 1
KH00114650,0,Lower-frequency activity — Segment 1
KH00114685,0,Lower-frequency activity — Segment 1
KH00114690,0,Lower-frequency activity — Segment 1
KH00114725,1,Higher online-spend share — Segment 2
KH00114730,0,Lower-frequency activity — Segment 1
KH00114765,0,Lower-frequency activity — Segment 1
KH00114770,0,Lower-frequency activity — Segment 1
KH00114805,1,Higher online-spend share — Segment 2
KH00114810,1,Higher online-spend share — Segment 2
KH00114845,1,Higher online-spend share — Segment 2
KH00114850,0,Lower-frequency activity — Segment 1
KH00114885,0,Lower-frequency activity — Segment 1
KH00114890,0,Lower-frequency activity — Segment 1
KH00114925,1,Higher online-spend share — Segment 2
KH00114930,0,Lower-frequency activity — Segment 1
KH00114965,0,Lower-frequency activity — Segment 1
KH00114970,1,Higher online-spend share — Segment 2
KH00115005,0,Lower-frequency activity — Segment 1
KH00115010,0,Lower-frequency activity — Segment 1
KH00115045,1,Higher online-spend share — Segment 2
KH00115050,1,Higher online-spend share — Segment 2
KH00115085,0,Lower-frequency activity — Segment 1
KH00115090,1,Higher online-spend share — Segment 2
KH00115125,0,Lower-frequency activity — Segment 1
KH00115130,1,Higher online-spend share — Segment 2
KH00115165,0,Lower-frequency activity — Segment 1
KH00115170,1,Higher online-spend share — Segment 2
KH00115205,0,Lower-frequency activity — Segment 1
KH00115210,1,Higher online-spend share — Segment 2
KH00115245,1,Higher online-spend share — Segment 2
KH00115250,0,Lower-frequency activity — Segment 1
KH00115285,0,Lower-frequency activity — Segment 1
KH00115290,1,Higher online-spend share — Segment 2
KH00115325,1,Higher online-spend share — Segment 2
KH00115330,0,Lower-frequency activity — Segment 1
KH00115365,1,Higher online-spend share — Segment 2
KH00115370,1,Higher online-spend share — Segment 2
KH00115405,1,Higher online-spend share — Segment 2
KH00115410,1,Higher online-spend share — Segment 2
KH00115445,0,Lower-frequency activity — Segment 1
KH00115450,1,Higher online-spend share — Segment 2
KH00115485,0,Lower-frequency activity — Segment 1
KH00115490,1,Higher online-spend share — Segment 2
KH00115525,0,Lower-frequency activity — Segment 1
KH00115530,1,Higher online-spend share — Segment 2
KH00115565,0,Lower-frequency activity — Segment 1
KH00115570,0,Lower-frequency activity — Segment 1
KH00115605,1,Higher online-spend share — Segment 2
KH00115610,0,Lower-frequency activity — Segment 1
KH00115645,1,Higher online-spend share — Segment 2
KH00115650,1,Higher online-spend share — Segment 2
KH00115685,1,Higher online-spend share — Segment 2
KH00115690,0,Lower-frequency activity — Segment 1
KH00115725,1,Higher online-spend share — Segment 2
KH00115730,1,Higher online-spend share — Segment 2
KH00115765,1,Higher online-spend share — Segment 2
KH00115770,0,Lower-frequency activity — Segment 1
KH00115805,0,Lower-frequency activity — Segment 1
KH00115810,0,Lower-frequency activity — Segment 1
KH00115845,0,Lower-frequency activity — Segment 1
KH00115850,1,Higher online-spend share — Segment 2
KH00115885,0,Lower-frequency activity — Segment 1
KH00115890,1,Higher online-spend share — Segment 2
KH00115925,1,Higher online-spend share — Segment 2
KH00115930,0,Lower-frequency activity — Segment 1
KH00115965,0,Lower-frequency activity — Segment 1
KH00115970,1,Higher online-spend share — Segment 2
KH00116005,0,Lower-frequency activity — Segment 1
KH00116010,0,Lower-frequency activity — Segment 1
KH00116045,0,Lower-frequency activity — Segment 1
KH00116050,0,Lower-frequency activity — Segment 1
KH00116085,0,Lower-frequency activity — Segment 1
KH00116090,0,Lower-frequency activity — Segment 1
KH00116125,1,Higher online-spend share — Segment 2
KH00116130,0,Lower-frequency activity — Segment 1
KH00116165,0,Lower-frequency activity — Segment 1
KH00116170,0,Lower-frequency activity — Segment 1
KH00116205,0,Lower-frequency activity — Segment 1
KH00116210,0,Lower-frequency activity — Segment 1
KH00116245,1,Higher online-spend share — Segment 2
KH00116250,0,Lower-frequency activity — Segment 1
KH00116285,0,Lower-frequency activity — Segment 1
KH00116290,0,Lower-frequency activity — Segment 1
KH00116325,1,Higher online-spend share — Segment 2
KH00116330,1,Higher online-spend share — Segment 2
KH00116365,0,Lower-frequency activity — Segment 1
KH00116370,1,Higher online-spend share — Segment 2
KH00116405,0,Lower-frequency activity — Segment 1
KH00116410,0,Lower-frequency activity — Segment 1
KH00116445,1,Higher online-spend share — Segment 2
KH00116450,0,Lower-frequency activity — Segment 1
KH00116485,1,Higher online-spend share — Segment 2
KH00116490,0,Lower-frequency activity — Segment 1
KH00116525,0,Lower-frequency activity — Segment 1
KH00116530,1,Higher online-spend share — Segment 2
KH00116565,0,Lower-frequency activity — Segment 1
KH00116570,0,Lower-frequency activity — Segment 1
KH00116605,1,Higher online-spend share — Segment 2
KH00116610,1,Higher online-spend share — Segment 2
KH00116645,1,Higher online-spend share — Segment 2
KH00116650,1,Higher online-spend share — Segment 2
KH00116685,0,Lower-frequency activity — Segment 1
KH00116690,1,Higher online-spend share — Segment 2
KH00116725,1,Higher online-spend share — Segment 2
KH00116730,1,Higher online-spend share — Segment 2
KH00116765,1,Higher online-spend share — Segment 2
KH00116770,0,Lower-frequency activity — Segment 1
KH00116805,1,Higher online-spend share — Segment 2
KH00116810,0,Lower-frequency activity — Segment 1
KH00116845,1,Higher online-spend share — Segment 2
KH00116850,0,Lower-frequency activity — Segment 1
KH00116885,0,Lower-frequency activity — Segment 1
KH00116890,0,Lower-frequency activity — Segment 1
KH00116925,0,Lower-frequency activity — Segment 1
KH00116930,1,Higher online-spend share — Segment 2
KH00116965,0,Lower-frequency activity — Segment 1
KH00116970,1,Higher online-spend share — Segment 2
KH00117005,0,Lower-frequency activity — Segment 1
KH00117010,0,Lower-frequency activity — Segment 1
KH00117045,1,Higher online-spend share — Segment 2
KH00117050,0,Lower-frequency activity — Segment 1
KH00117085,1,Higher online-spend share — Segment 2
KH00117090,0,Lower-frequency activity — Segment 1
KH00117125,0,Lower-frequency activity — Segment 1
KH00117130,0,Lower-frequency activity — Segment 1
KH00117165,1,Higher online-spend share — Segment 2
KH00117170,1,Higher online-spend share — Segment 2
KH00117205,0,Lower-frequency activity — Segment 1
KH00117210,0,Lower-frequency activity — Segment 1
KH00117245,0,Lower-frequency activity — Segment 1
KH00117250,1,Higher online-spend share — Segment 2
KH00117285,1,Higher online-spend share — Segment 2
KH00117290,0,Lower-frequency activity — Segment 1
KH00117325,1,Higher online-spend share — Segment 2
KH00117330,1,Higher online-spend share — Segment 2
KH00117365,1,Higher online-spend share — Segment 2
KH00117370,0,Lower-frequency activity — Segment 1
KH00117405,0,Lower-frequency activity — Segment 1
KH00117410,1,Higher online-spend share — Segment 2
KH00117445,1,Higher online-spend share — Segment 2
KH00117450,0,Lower-frequency activity — Segment 1
KH00117485,1,Higher online-spend share — Segment 2
KH00117490,1,Higher online-spend share — Segment 2
KH00117525,0,Lower-frequency activity — Segment 1
KH00117530,1,Higher online-spend share — Segment 2
KH00117565,0,Lower-frequency activity — Segment 1
KH00117570,1,Higher online-spend share — Segment 2
KH00117605,0,Lower-frequency activity — Segment 1
KH00117610,1,Higher online-spend share — Segment 2
KH00117645,1,Higher online-spend share — Segment 2
KH00117650,0,Lower-frequency activity — Segment 1
KH00117685,1,Higher online-spend share — Segment 2
KH00117690,1,Higher online-spend share — Segment 2
KH00117725,0,Lower-frequency activity — Segment 1
KH00117730,0,Lower-frequency activity — Segment 1
KH00117765,0,Lower-frequency activity — Segment 1
KH00117770,0,Lower-frequency activity — Segment 1
KH00117805,0,Lower-frequency activity — Segment 1
KH00117810,1,Higher online-spend share — Segment 2
KH00117845,0,Lower-frequency activity — Segment 1
KH00117850,1,Higher online-spend share — Segment 2
KH00117885,0,Lower-frequency activity — Segment 1
KH00117890,1,Higher online-spend share — Segment 2
KH00117925,1,Higher online-spend share — Segment 2
KH00117930,1,Higher online-spend share — Segment 2
KH00117965,0,Lower-frequency activity — Segment 1
KH00117970,0,Lower-frequency activity — Segment 1
KH00118005,0,Lower-frequency activity — Segment 1
KH00118010,0,Lower-frequency activity — Segment 1
KH00118045,0,Lower-frequency activity — Segment 1
KH00118050,0,Lower-frequency activity — Segment 1
KH00118085,1,Higher online-spend share — Segment 2
KH00118090,0,Lower-frequency activity — Segment 1
KH00118125,1,Higher online-spend share — Segment 2
KH00118130,1,Higher online-spend share — Segment 2
KH00118165,1,Higher online-spend share — Segment 2
KH00118170,0,Lower-frequency activity — Segment 1
KH00118205,1,Higher online-spend share — Segment 2
KH00118210,0,Lower-frequency activity — Segment 1
KH00118245,1,Higher online-spend share — Segment 2
KH00118250,1,Higher online-spend share — Segment 2
KH00118285,0,Lower-frequency activity — Segment 1
KH00118290,0,Lower-frequency activity — Segment 1
KH00118325,0,Lower-frequency activity — Segment 1
KH00118330,0,Lower-frequency activity — Segment 1
KH00118365,0,Lower-frequency activity — Segment 1
KH00118370,0,Lower-frequency activity — Segment 1
KH00118405,1,Higher online-spend share — Segment 2
KH00118410,0,Lower-frequency activity — Segment 1
KH00118445,0,Lower-frequency activity — Segment 1
KH00118450,0,Lower-frequency activity — Segment 1
KH00118485,0,Lower-frequency activity — Segment 1
KH00118490,1,Higher online-spend share — Segment 2
KH00118525,0,Lower-frequency activity — Segment 1
KH00118530,0,Lower-frequency activity — Segment 1
KH00118565,0,Lower-frequency activity — Segment 1
KH00118570,1,Higher online-spend share — Segment 2
KH00118605,0,Lower-frequency activity — Segment 1
KH00118610,0,Lower-frequency activity — Segment 1
KH00118645,1,Higher online-spend share — Segment 2
KH00118650,0,Lower-frequency activity — Segment 1
KH00118685,1,Higher online-spend share — Segment 2
KH00118690,1,Higher online-spend share — Segment 2
KH00118725,0,Lower-frequency activity — Segment 1
KH00118730,0,Lower-frequency activity — Segment 1
KH00118765,1,Higher online-spend share — Segment 2
KH00118770,1,Higher online-spend share — Segment 2
KH00118805,1,Higher online-spend share — Segment 2
KH00118810,1,Higher online-spend share — Segment 2
KH00118845,1,Higher online-spend share — Segment 2
KH00118850,0,Lower-frequency activity — Segment 1
KH00118885,0,Lower-frequency activity — Segment 1
KH00118890,0,Lower-frequency activity — Segment 1
KH00118925,1,Higher online-spend share — Segment 2
KH00118930,0,Lower-frequency activity — Segment 1
KH00118965,0,Lower-frequency activity — Segment 1
KH00118970,0,Lower-frequency activity — Segment 1
KH00119005,0,Lower-frequency activity — Segment 1
KH00119010,0,Lower-frequency activity — Segment 1
KH00119045,0,Lower-frequency activity — Segment 1
KH00119050,0,Lower-frequency activity — Segment 1
KH00119085,0,Lower-frequency activity — Segment 1
KH00119090,1,Higher online-spend share — Segment 2
KH00119125,1,Higher online-spend share — Segment 2
KH00119130,0,Lower-frequency activity — Segment 1
KH00119165,0,Lower-frequency activity — Segment 1
KH00119170,1,Higher online-spend share — Segment 2
KH00119205,0,Lower-frequency activity — Segment 1
KH00119210,0,Lower-frequency activity — Segment 1
KH00119245,1,Higher online-spend share — Segment 2
KH00119250,0,Lower-frequency activity — Segment 1
KH00119285,0,Lower-frequency activity — Segment 1
KH00119290,0,Lower-frequency activity — Segment 1
KH00119325,1,Higher online-spend share — Segment 2
KH00119330,1,Higher online-spend share — Segment 2
KH00119365,1,Higher online-spend share — Segment 2
KH00119370,0,Lower-frequency activity — Segment 1
KH00119405,1,Higher online-spend share — Segment 2
KH00119410,1,Higher online-spend share — Segment 2
KH00119445,0,Lower-frequency activity — Segment 1
KH00119450,1,Higher online-spend share — Segment 2
KH00119485,0,Lower-frequency activity — Segment 1
KH00119490,0,Lower-frequency activity — Segment 1
KH00119525,0,Lower-frequency activity — Segment 1
KH00119530,0,Lower-frequency activity — Segment 1
KH00119565,0,Lower-frequency activity — Segment 1
KH00119570,0,Lower-frequency activity — Segment 1
KH00119605,1,Higher online-spend share — Segment 2
KH00119610,0,Lower-frequency activity — Segment 1
KH00119645,0,Lower-frequency activity — Segment 1
KH00119650,0,Lower-frequency activity — Segment 1
KH00119685,1,Higher online-spend share — Segment 2
KH00119690,0,Lower-frequency activity — Segment 1
KH00119725,1,Higher online-spend share — Segment 2
KH00119730,0,Lower-frequency activity — Segment 1
KH00119765,0,Lower-frequency activity — Segment 1
KH00119770,0,Lower-frequency activity — Segment 1
KH00119805,1,Higher online-spend share — Segment 2
KH00119810,0,Lower-frequency activity — Segment 1
KH00119845,0,Lower-frequency activity — Segment 1
KH00119850,1,Higher online-spend share — Segment 2
KH00119885,0,Lower-frequency activity — Segment 1
KH00119890,1,Higher online-spend share — Segment 2
KH00119925,1,Higher online-spend share — Segment 2
KH00119930,1,Higher online-spend share — Segment 2
KH00119965,1,Higher online-spend share — Segment 2
KH00119970,1,Higher online-spend share — Segment 2
